Aves,Buteogallus daggetti,Daggett's eagle,https://en.wikipedia.org/wiki/Daggett%27s_eagle,-13000,"California and Nuevo León, Mexico",
Aves,Amplibuteo woodwardi,Woodward's eagle,https://en.wikipedia.org/wiki/Woodward%27s_eagle,-12000,Caribbean,
Mammalia,Cervalces scotti,Stag-moose,https://en.wikipedia.org/wiki/Stag-moose,-12000,USA and Canada,https://upload.wikimedia.org/wikipedia/commons/thumb/9/9f/ROM_-_Stag-moose.jpg/100px-ROM_-_Stag-moose.jpg
Aves,Nesotrochis debooyi,Antillean cave rail,https://en.wikipedia.org/wiki/Antillean_cave_rail,-12000,Puerto Rico and Virgin Islands,https://upload.wikimedia.org/wikipedia/commons/thumb/4/48/Nesotrochis_debooyi.jpg/100px-Nesotrochis_debooyi.jpg
Actinopterygii,Oncorhynchus rastrosus,Saber-toothed salmon,https://en.wikipedia.org/wiki/Oncorhynchus_rastrosus,-12000,Western Coast of Canada and USA,https://upload.wikimedia.org/wikipedia/commons/thumb/7/70/Oncorhynchus_rastrosus.JPG/100px-Oncorhynchus_rastrosus.JPG
Mammalia,Oreamnos harringtoni,Harrington's mountain goat,https://en.wikipedia.org/wiki/Harrington%27s_mountain_goat,-12000,USA and Mexico,https://upload.wikimedia.org/wikipedia/commons/thumb/d/d5/Oreamnos_harringtoni.jpg/100px-Oreamnos_harringtoni.jpg
Mammalia,Amblyrhiza inundata,Blunt-toothed giant hutia,https://en.wikipedia.org/wiki/Amblyrhiza_inundata,-11000,Northern Lesser Antilles,
Mammalia,Bison priscus,Steppe wisent,https://en.wikipedia.org/wiki/Steppe_wisent,-11000,Alaska and Yukon,https://upload.wikimedia.org/wikipedia/commons/thumb/3/32/Steppe_Bison.jpg/100px-Steppe_Bison.jpg
Mammalia,Capromeryx minor,Capromeryx,https://en.wikipedia.org/wiki/Capromeryx,-11000,USA and Mexico,https://upload.wikimedia.org/wikipedia/commons/thumb/8/8f/Capromeryx_minor_p1350725.jpg/100px-Capromeryx_minor_p1350725.jpg
Mammalia,Castoroides leiseyorum,Giant beaver,https://en.wikipedia.org/wiki/Giant_beaver,-11000,Canada and USA,https://upload.wikimedia.org/wikipedia/commons/thumb/a/a5/Giant-beaver-fieldmuseum.jpg/100px-Giant-beaver-fieldmuseum.jpg
Mammalia,Clidomys osborni,Osborn's key mouse,https://en.wikipedia.org/wiki/Clidomys_osborni,-11000,Jamaica,
Mammalia,Elasmodontomys obliquus,Plate-toothed giant hutia,https://en.wikipedia.org/wiki/Elasmodontomys_obliquus,-11000,Puerto Rico,
Mammalia,Equus conversidens,Mexican horse,https://en.wikipedia.org/wiki/Equus_conversidens,-11000,USA and Mexico,https://upload.wikimedia.org/wikipedia/commons/thumb/1/19/Equus_conversidens.jpg/100px-Equus_conversidens.jpg
Mammalia,Equus lambei,Yukon horse,https://en.wikipedia.org/wiki/Equus_lambei,-11000,USA and Canada,https://upload.wikimedia.org/wikipedia/commons/thumb/a/ad/Equus_ferus_lambei.jpg/100px-Equus_ferus_lambei.jpg
Mammalia,Equus scotti,Scott's horse,https://en.wikipedia.org/wiki/Equus_scotti,-11000,USA and Mexico,https://upload.wikimedia.org/wikipedia/commons/thumb/5/57/Equus_scotti.jpg/100px-Equus_scotti.jpg
Mammalia,Eremotherium eomigrans,Panamerican ground sloth,https://en.wikipedia.org/wiki/Eremotherium,-11000,USA to Panama,https://upload.wikimedia.org/wikipedia/commons/thumb/5/51/WLA_hmns_Giant_ground_sloth_2.jpg/100px-WLA_hmns_Giant_ground_sloth_2.jpg
Actinopterygii,Hemiauchenia sp.,Stilt-legged llama,https://en.wikipedia.org/wiki/Stilt-legged_llama,-11000,USA and Mexico,
Mammalia,Mammuthus exilis,Pygmy mammoth,https://en.wikipedia.org/wiki/Pygmy_mammoth,-11000,"Channel Islands of California, USA",https://upload.wikimedia.org/wikipedia/commons/thumb/f/f6/Mammuthus_exilis.jpg/100px-Mammuthus_exilis.jpg
Mammalia,Megalonyx spp.,Jefferson's ground sloth,https://en.wikipedia.org/wiki/Megalonyx,-11000,USA and Canada,https://upload.wikimedia.org/wikipedia/commons/thumb/e/ef/Megalonyx_wheatleyi_-_AMNH_-_DSC06327.JPG/100px-Megalonyx_wheatleyi_-_AMNH_-_DSC06327.JPG
Mammalia,Miracinonyx trumani,American cheetahs,https://en.wikipedia.org/wiki/American_cheetah,-11000,Northern North America,https://upload.wikimedia.org/wikipedia/commons/thumb/7/73/Miracinonyx_trumani.jpg/100px-Miracinonyx_trumani.jpg
Mammalia,Neochoerus aesopi,Neochoerus spp.,https://en.wikipedia.org/wiki/Neochoerus_pinckneyi,-11000,Southeast USA to Panama,
Mammalia,Nothrotheriops shastensis,Shasta ground sloth,https://en.wikipedia.org/wiki/Nothrotheriops,-11000,USA,https://upload.wikimedia.org/wikipedia/commons/thumb/7/73/Nothrotheriops_skeleton.jpg/100px-Nothrotheriops_skeleton.jpg
Mammalia,Palaeolama ssp.,Stout-legged llama,https://en.wikipedia.org/wiki/Palaeolama,-11000,USA,
Mammalia,Panthera leo atrox,American lion,https://en.wikipedia.org/wiki/American_lion,-11000,"USA, Canada and Mexico",https://upload.wikimedia.org/wikipedia/commons/thumb/c/cb/Panthera_leo_atrox_Sergiodlarosa.jpg/100px-Panthera_leo_atrox_Sergiodlarosa.jpg
Mammalia,Panthera leo spelaea,Eurasian cave lion,https://en.wikipedia.org/wiki/Panthera_leo_spelaea,-11000,Canada and Alaska,https://upload.wikimedia.org/wikipedia/commons/thumb/4/42/Panthera_leo_spelaea_in_Vienna.jpg/100px-Panthera_leo_spelaea_in_Vienna.jpg
Mammalia,Quemisia gravis,Twisted-toothed mouse,https://en.wikipedia.org/wiki/Quemisia_gravis,-11000,Hispaniola,
Mammalia,Stockoceros onusrosagris,Stockoceros,https://en.wikipedia.org/wiki/Stockoceros,-11000,Southwestern North America,https://upload.wikimedia.org/wikipedia/commons/thumb/0/0d/Fossil_ruminant.jpg/100px-Fossil_ruminant.jpg
Mammalia,Tapirus californicus,California tapir,https://en.wikipedia.org/wiki/Tapirus_californicus,-11000,USA,
Mammalia,Tapirus copei,Cope's tapir,https://en.wikipedia.org/wiki/Tapirus_copei,-11000,USA,
Aves,Ciconia maltha,La Brea stork,https://en.wikipedia.org/wiki/Ciconia_maltha,-10000,"Western, Southern USA and Cuba",https://upload.wikimedia.org/wikipedia/commons/thumb/6/62/Ciconia_maltha.jpg/50px-Ciconia_maltha.jpg
Mammalia,Equus occidentalis,Western horse,https://en.wikipedia.org/wiki/Equus_occidentalis,-10000,USA,https://upload.wikimedia.org/wikipedia/commons/thumb/d/dd/Equus_occidentalis.jpg/100px-Equus_occidentalis.jpg
Mammalia,Homotherium sp.,Scimitar cats,https://en.wikipedia.org/wiki/Homotherium,-10000,"USA, Canada, Mexico",https://upload.wikimedia.org/wikipedia/commons/thumb/3/3d/Homotherium_serum.jpg/100px-Homotherium_serum.jpg
Aves,Meleagris californica,Californian turkey,https://en.wikipedia.org/wiki/Californian_turkey,-10000,USA,
Mammalia,Odocoileus lucasi,American mountain deer,https://en.wikipedia.org/wiki/American_mountain_deer,-10000,USA,
Mammalia,Panthera onca augusta,Pleistocene North American jaguar,https://en.wikipedia.org/wiki/Panthera_onca_augusta,-10000,Panama to USA,https://upload.wikimedia.org/wikipedia/commons/thumb/b/b8/Panthera_onca_augusta.JPG/100px-Panthera_onca_augusta.JPG
Mammalia,Saiga tatarica,Saiga antelope,https://en.wikipedia.org/wiki/Saiga_antelope,-10000,North America,https://upload.wikimedia.org/wikipedia/commons/thumb/1/1a/Mongolia_Saiga_tatarica.jpg/100px-Mongolia_Saiga_tatarica.jpg
Mammalia,Euceratherium collinum,Shrub-ox,https://en.wikipedia.org/wiki/Shrub-ox,-9500,North America,https://upload.wikimedia.org/wikipedia/commons/thumb/7/77/Euceratherium_BW.jpg/100px-Euceratherium_BW.jpg
Mammalia,Bootherium bombifrons,Harlan's muskox,https://en.wikipedia.org/wiki/Bootherium_bombifrons,-9000,North America,https://upload.wikimedia.org/wikipedia/commons/thumb/9/9b/Harlan%27s_musk_ox_%28cast%29_-_Indiana_State_Museum_-_DSC00404.JPG/100px-Harlan%27s_musk_ox_%28cast%29_-_Indiana_State_Museum_-_DSC00404.JPG
Aves,Gymnogyps varonai,Cuban condor,https://en.wikipedia.org/wiki/Gymnogyps_varonai,-9000,Cuba,
Mammalia,Mammut americanum,American mastodon,https://en.wikipedia.org/wiki/American_mastodon,-8500,USA and Canada,https://upload.wikimedia.org/wikipedia/commons/thumb/b/b0/Mammut_americanum.jpg/100px-Mammut_americanum.jpg
Mammalia,Arctodus simus,Short-faced bear,https://en.wikipedia.org/wiki/Short-faced_bear,-8000,North America,https://upload.wikimedia.org/wikipedia/commons/thumb/b/bd/ArctodusSimusReconstruct.jpg/100px-ArctodusSimusReconstruct.jpg
Mammalia,Camelops spp.,Camelops,https://en.wikipedia.org/wiki/Camelops,-8000,USA and Mexico,https://upload.wikimedia.org/wikipedia/commons/thumb/2/26/Camelus_hesternus_Sergiodlarosa.jpg/100px-Camelus_hesternus_Sergiodlarosa.jpg
Mammalia,Canis dirus,Dire wolf,https://en.wikipedia.org/wiki/Dire_wolf,-8000,North America,https://upload.wikimedia.org/wikipedia/commons/thumb/9/93/Canis_dirus_Skeleton.jpg/100px-Canis_dirus_Skeleton.jpg
Mammalia,Dasypus bellus,Beautiful armadillo,https://en.wikipedia.org/wiki/Dasypus_bellus,-8000,USA to South America,
Mammalia,Smilodon sp.,Saber-tooth cat,https://en.wikipedia.org/wiki/Smilodon,-8000,North America,https://upload.wikimedia.org/wikipedia/commons/thumb/c/ca/Smilodon_Skeleton.jpg/100px-Smilodon_Skeleton.jpg
Mammalia,Tremarctos floridanus,Florida spectacled bear,https://en.wikipedia.org/wiki/Tremarctos_floridanus,-8000,USA,
Mammalia,Mammuthus columbi,Columbian mammoth,https://en.wikipedia.org/wiki/Columbian_mammoth,-5800,USA and Mexico,https://upload.wikimedia.org/wikipedia/commons/thumb/6/62/Columbian_mammoth.JPG/100px-Columbian_mammoth.JPG
Reptilia,Ameiva major,Martinique giant ameiva,https://en.wikipedia.org/wiki/Martinique_giant_ameiva,0,France (Martinique),
Aves,Anodorhynchus purpurascens,Violet macaw,https://en.wikipedia.org/wiki/Violet_macaw,0,France (Guadeloupe),https://upload.wikimedia.org/wikipedia/commons/thumb/6/66/Anodorhynchus_purpurascens_Keulemans.jpg/75px-Anodorhynchus_purpurascens_Keulemans.jpg
Aves,Ara autocthones,Saint Croix macaw,https://en.wikipedia.org/wiki/Saint_Croix_macaw,0,"St. Croix, Virgin Islands.",
Reptilia,Borikenophis sanctaecrucis,Saint Croix racer,https://en.wikipedia.org/wiki/Saint_Croix_racer,0,"St. Croix, US Virgin Islands",
Actinopterygii,Characodon garmani,Parras characodon,https://en.wikipedia.org/wiki/Parras_characodon,0,Mexico,
Actinopterygii,Chasmistes muriei,Snake River sucker,https://en.wikipedia.org/wiki/Snake_River_sucker,0,"Snake River, Wyoming",
Amphibia,Chiropterotriton magnipes,Bigfoot splayfoot salamander,https://en.wikipedia.org/wiki/Bigfoot_splayfoot_salamander,0,"San Luis Potosí & Querétaro, Mexico",
Aves,Chlorostilbon elegans,Gould's emerald,https://en.wikipedia.org/wiki/Gould%27s_emerald,0,Bahamas or Jamaica,https://upload.wikimedia.org/wikipedia/commons/thumb/9/96/Chlorostilbon_elegans.jpg/75px-Chlorostilbon_elegans.jpg
Amphibia,Craugastor chrysozetetes,,https://en.wikipedia.org/wiki/Craugastor_chrysozetetes,0,Honduras,
Actinopterygii,Cyprinodon ceciliae,Villa Lopez pupfish,https://en.wikipedia.org/wiki/Cyprinodon_ceciliae,0,Mexico,
Actinopterygii,Cyprinodon inmemoriam,Cachorrito de la Trinidad,https://en.wikipedia.org/wiki/Cachorrito_de_la_Trinidad,0,Mexico,
Actinopterygii,Cyprinodon latifasciatus,Perrito de Parras,https://en.wikipedia.org/wiki/Perrito_de_Parras,0,Mexico,
Actinopterygii,Cyprinodon spp.,Perrito de Sandia,https://en.wikipedia.org/wiki/Perrito_de_Sandia,0,Mexico,
Actinopterygii,Empetrichthys latos concavus,Raycraft Ranch killifish,https://en.wikipedia.org/wiki/Raycraft_Ranch_killifish,0,"Raycraft Ranch, Nevada",
Actinopterygii,Evarra bustamantei,Mexican dace,https://en.wikipedia.org/wiki/Mexican_dace,0,Mexico,
Actinopterygii,Gambusia amistadensis,Amistad gambusia,https://en.wikipedia.org/wiki/Amistad_gambusia,0,"Goodenough Spring, Texas",
Actinopterygii,Notropis amecae,Ameca shiner,https://en.wikipedia.org/wiki/Ameca_shiner,0,Mexico,
Actinopterygii,Notropis aulidion,Durango shiner,https://en.wikipedia.org/wiki/Durango_shiner,0,Mexico,
Actinopterygii,Notropis saladonis,Salado shiner,https://en.wikipedia.org/wiki/Salado_shiner,0,Mexico,
Actinopterygii,Priapella bonita,Graceful priapella,https://en.wikipedia.org/wiki/Graceful_priapella,0,Mexico,
Mammalia,Puma concolor couguar,Eastern cougar,https://en.wikipedia.org/wiki/Eastern_cougar,0,Eastern Canada and USA,https://upload.wikimedia.org/wikipedia/commons/thumb/e/ef/EasternCougar.jpg/100px-EasternCougar.jpg
Actinopterygii,Rhinichthys cataractae smithi,Banff longnose dace,https://en.wikipedia.org/wiki/Banff_longnose_dace,0,"Banff, Alberta",
Mammalia,Sorex sclateri,Sclater's shrew,https://en.wikipedia.org/wiki/Sclater%27s_shrew,0,"Chiapas, Mexico",
Actinopterygii,Stypodon signifer,Stumptooth minnow,https://en.wikipedia.org/wiki/Stumptooth_minnow,0,Mexico,
Aves,Aegolius gradyi,Bermuda saw-whet owl,https://en.wikipedia.org/wiki/Bermuda_saw-whet_owl,1500,United Kingdom (Bermuda),
Mammalia,Boromys offella,Oriente cave rat,https://en.wikipedia.org/wiki/Oriente_cave_rat,1500,Cuba,https://upload.wikimedia.org/wikipedia/commons/thumb/7/77/Boromys.offella.bmcz.jpg/100px-Boromys.offella.bmcz.jpg
Mammalia,Boromys torrei,Torre's cave rat,https://en.wikipedia.org/wiki/Torre%27s_cave_rat,1500,Cuba,https://upload.wikimedia.org/wikipedia/commons/thumb/f/fa/Boromys.torrei.bmcz.jpg/100px-Boromys.torrei.bmcz.jpg
Mammalia,Geocapromys columbianus,Cuban coney,https://en.wikipedia.org/wiki/Cuban_coney,1500,Cuba,
Actinopterygii,Heteropsomys insulans,Hispaniolan edible rat,https://en.wikipedia.org/wiki/Hispaniolan_edible_rat,1500,Hispaniola,
Actinopterygii,Heteropsomys insulans,Insular cave rat,https://en.wikipedia.org/wiki/Insular_cave_rat,1500,Puerto Rico,
Mammalia,Hexolobodon phenax,Imposter hutia,https://en.wikipedia.org/wiki/Imposter_hutia,1500,Hispaniola,
Mammalia,Isolobodon montanus,Montane hutia,https://en.wikipedia.org/wiki/Montane_hutia,1500,Hispaniola,
Mammalia,Isolobodon portoricensis,Puerto Rican hutia,https://en.wikipedia.org/wiki/Puerto_Rican_hutia,1500,Hispaniola and Puerto Rico,
Mammalia,Monophyllus frater,Puerto Rican long-nosed bat,https://en.wikipedia.org/wiki/Puerto_Rican_long-nosed_bat,1500,Puerto Rico,
Mammalia,Nesophontes sp.,"West Indies nesophontes,Atalaye nesophontes,Cuban nesophontes,Greater Cuban nesophontes,Haitian nesophontes,Lesser Cuban nesophontes,Puerto Rican nesophontes,Saint Michel nesophontes,Slender Cuban nesophontes,Western Cuban nesophontes",https://en.wikipedia.org/wiki/Nesophontes,1500,"Cuba, Hispaniola, Puerto Rico,
U.S. Virgin Islands & United Kingdom (Cayman Islands)",https://upload.wikimedia.org/wikipedia/commons/thumb/4/43/Puerto_Rican_shrew.jpg/100px-Puerto_Rican_shrew.jpg
Mammalia,Pennatomys nivalis,Nevis rice rat,https://en.wikipedia.org/wiki/Pennatomys,1500,Netherlans (Sint Eustatius) & Saint Kitts and Nevis,
Mammalia,Plagiodontia ipnaeum,Samana hutia,https://en.wikipedia.org/wiki/Samana_hutia,1500,Hispaniola,
Mammalia,Solenodon marcanoi,Marcano's solenodon,https://en.wikipedia.org/wiki/Marcano%27s_solenodon,1500,Hispaniola,
Aves,Tyto pollens,Bahaman barn owl,https://en.wikipedia.org/wiki/Tyto_pollens,1500,"Andros Island, Bahamas",https://upload.wikimedia.org/wikipedia/commons/thumb/a/a4/Tyto_pollens.jpg/75px-Tyto_pollens.jpg
Mammalia,Xenothrix mcgregori,Jamaican monkey,https://en.wikipedia.org/wiki/Jamaican_monkey,1500,Jamaica,
Aves,Bermuteo avivorus,Bermuda hawk,https://en.wikipedia.org/w/index.php?title=Bermuda_hawk&action=edit&redlink=1,1600,United Kingdom (Bermuda),
Aves,Aratinga labati,Guadeloupe parakeet,https://en.wikipedia.org/wiki/Guadeloupe_parakeet,1700,France (Guadeloupe),https://upload.wikimedia.org/wikipedia/commons/thumb/d/df/Extinctbirds1907_P16_Conurus_labati0313-cropped.jpg/75px-Extinctbirds1907_P16_Conurus_labati0313-cropped.jpg
Aves,Colaptes oceanicus,Bermuda flicker,https://en.wikipedia.org/wiki/Bermuda_flicker,1700,United Kingdom (Bermuda),
Aves,Nyctanassa carcinocatactes,Bermuda night heron,https://en.wikipedia.org/wiki/Bermuda_night_heron,1700,United Kingdom (Bermuda),
Aves,Ara guadeloupensis,Lesser Antillean macaw,https://en.wikipedia.org/wiki/Lesser_Antillean_macaw,1760,France (Guadeloupe),https://upload.wikimedia.org/wikipedia/commons/thumb/9/90/Lesser_Antillean_Macaw.jpg/75px-Lesser_Antillean_Macaw.jpg
Mammalia,Hydrodamalis gigas,Steller's sea cow,https://en.wikipedia.org/wiki/Steller%27s_sea_cow,1768,Commander Islands,https://upload.wikimedia.org/wikipedia/commons/thumb/1/19/Hydrodamalis_gigas_skeleton_-_Finnish_Museum_of_Natural_History_-_DSC04529.JPG/100px-Hydrodamalis_gigas_skeleton_-_Finnish_Museum_of_Natural_History_-_DSC04529.JPG
Aves,Amazona martinicana,Martinique parrot,https://en.wikipedia.org/wiki/Martinique_parrot,1779,France (Martinique),https://upload.wikimedia.org/wikipedia/commons/thumb/7/70/Amazona_martinicana.png/75px-Amazona_martinicana.png
Aves,Amazona violacea,Guadeloupe parrot,https://en.wikipedia.org/wiki/Guadeloupe_parrot,1779,France (Guadeloupe),https://upload.wikimedia.org/wikipedia/commons/thumb/4/40/Amazona_violacea.png/75px-Amazona_violacea.png
Aves,Aratinga chloroptera maugei,Mauge's parakeet,https://en.wikipedia.org/wiki/Mauge%27s_parakeet,1779,"Mona Island, Puerto Rico",https://upload.wikimedia.org/wikipedia/commons/thumb/9/9b/Aratinga_chloroptera_maugei.jpg/75px-Aratinga_chloroptera_maugei.jpg
Reptilia,Cyclura cornuta onchiopsis,Navassa Island iguana,https://en.wikipedia.org/wiki/Cyclura_cornuta_onchiopsis,1800,"Navassa Island, USA",
Reptilia,Tropidophis bucculentus,Navassa Island dwarf boa,https://en.wikipedia.org/wiki/Navassa_Island_dwarf_boa,1800,"Navassa Island, USA",
Aves,Sporophila melanops,Hooded seedeater,https://en.wikipedia.org/wiki/Hooded_seedeater,1823,Brazil,
Reptilia,Leiocephalus herminieri,Martinique curly-tailed lizard,https://en.wikipedia.org/wiki/Martinique_curly-tailed_lizard,1830,France (Martinique),
Reptilia,Celestus occiduus,Jamaica giant galliwasp,https://en.wikipedia.org/wiki/Jamaica_giant_galliwasp,1840,Jamaica,https://upload.wikimedia.org/wikipedia/commons/thumb/2/2e/Celestus_occiduus_museum_specimen.jpeg/100px-Celestus_occiduus_museum_specimen.jpeg
Aves,Aramides gutturalis,Red-throated wood-rail,https://en.wikipedia.org/wiki/Red-throated_wood-rail,1843,Peru,https://upload.wikimedia.org/wikipedia/commons/thumb/b/bc/AramidesGutturalisKeulemans.jpg/75px-AramidesGutturalisKeulemans.jpg
Aves,Phalacrocorax perspicillatus,Spectacled cormorant,https://en.wikipedia.org/wiki/Spectacled_cormorant,1850,Komandorski Islands,https://upload.wikimedia.org/wikipedia/commons/thumb/e/ee/ExtbPallusCormorantovw.jpg/75px-ExtbPallusCormorantovw.jpg
Aves,Eriocnemis godini,Turquoise-throated puffleg,https://en.wikipedia.org/wiki/Turquoise-throated_puffleg,1850,Colombia and Ecuador,https://upload.wikimedia.org/wikipedia/commons/thumb/1/14/Eriocnemis_godini.jpg/75px-Eriocnemis_godini.jpg
Reptilia,Chelonoidis nigra nigra,Charles Island tortoise,https://en.wikipedia.org/wiki/Subspecies_of_Gal%C3%A1pagos_tortoise,1850,Ecuador (Galapagos Islands),
Mammalia,Megalomys luciae,Santa Lucian giant rice rat,https://en.wikipedia.org/wiki/Megalomys_luciae,1852,St. Lucia,https://upload.wikimedia.org/wikipedia/commons/thumb/8/8f/Mus_Nat_Hist_Nat_25022013_Megalomys_luciae.jpg/100px-Mus_Nat_Hist_Nat_25022013_Megalomys_luciae.jpg
Aves,Pinguinus impennis,Great auk,https://en.wikipedia.org/wiki/Great_auk,1852,North Atlantic Coast,https://upload.wikimedia.org/wikipedia/commons/thumb/e/e2/PinguinusImpennus.jpg/100px-PinguinusImpennus.jpg
Aves,Discosura letitiae,Letitia's thorntail,https://en.wikipedia.org/wiki/Letitia%27s_thorntail,1852,Bolivia,https://upload.wikimedia.org/wikipedia/commons/thumb/d/da/Discosura_letitiae.jpg/75px-Discosura_letitiae.jpg
Aves,Ara tricolor,Cuban red macaw,https://en.wikipedia.org/wiki/Cuban_red_macaw,1860,Cuba,https://upload.wikimedia.org/wikipedia/commons/thumb/7/71/Ara_tricolor.jpg/100px-Ara_tricolor.jpg
Mammalia,Neovison macrodon,Sea mink,https://en.wikipedia.org/wiki/Sea_mink,1860,Atlantic Canada and New England,
Aves,Siphonorhis americana,Jamaican poorwill,https://en.wikipedia.org/wiki/Jamaican_poorwill,1860,Jamaica,https://upload.wikimedia.org/wikipedia/en/thumb/0/08/Jamaican_Poorwill.png/100px-Jamaican_Poorwill.png
Aves,Chlorostilbon bracei,Brace's emerald,https://en.wikipedia.org/wiki/Brace%27s_emerald,1870,Bahamas,
Mammalia,Oryzomys antillarum,Jamaican rice rat,https://en.wikipedia.org/wiki/Oryzomys_antillarum,1870,Jamaica,https://upload.wikimedia.org/wikipedia/commons/thumb/e/ef/Oryzomys_antillarum_Ray.png/50px-Oryzomys_antillarum_Ray.png
Mammalia,Dusicyon australis,Falkland Island wolf,https://en.wikipedia.org/wiki/Falkland_Island_wolf,1876,United Kingdom (Falkland Islands),https://upload.wikimedia.org/wikipedia/commons/thumb/e/e1/FalklandIslandFox2.jpg/100px-FalklandIslandFox2.jpg
Aves,Camptorhynchus labradorius,Labrador duck,https://en.wikipedia.org/wiki/Labrador_duck,1878,Atlantic Northeast,https://upload.wikimedia.org/wikipedia/commons/thumb/b/b7/Labrador_Ducks_AMNH.jpg/100px-Labrador_Ducks_AMNH.jpg
Aves,Pterodroma caribbaea,Jamaican petrel,https://en.wikipedia.org/wiki/Jamaican_petrel,1879,Jamaica,https://upload.wikimedia.org/wikipedia/en/thumb/0/0b/Pterodroma_caribbaea.png/100px-Pterodroma_caribbaea.png
Mammalia,Cervus canadensis canadiensis,Eastern elk,https://en.wikipedia.org/wiki/Eastern_elk,1887,Eastern Canada and USA,https://upload.wikimedia.org/wikipedia/commons/thumb/9/96/Brooklyn_Museum_-_American_Elk_-_John_J._Audubon.jpg/100px-Brooklyn_Museum_-_American_Elk_-_John_J._Audubon.jpg
Actinopterygii,Moxostoma lacerum,Harelip sucker,https://en.wikipedia.org/wiki/Harelip_sucker,1893,Southeastern USA,
Aves,Microtus pennsylvanicus nesophilus,Gull Island vole,https://en.wikipedia.org/wiki/Gull_Island_vole,1897,"Gull Island, New York",
Mammalia,Oryzomys nelsoni,Nelson's rice rat,https://en.wikipedia.org/wiki/Oryzomys_nelsoni,1897,"María Madre Island, Mexico",https://upload.wikimedia.org/wikipedia/commons/thumb/7/7d/Oryzomys_nelsoni_dorsal.png/50px-Oryzomys_nelsoni_dorsal.png
Mammalia,Oligoryzomys victus,Saint Vincent pygmy rice rat,https://en.wikipedia.org/wiki/Oligoryzomys_victus,1898,St. Vincent,
Mammalia,Monodelphis unistriata),One-striped opossum,https://en.wikipedia.org/wiki/One-striped_opossum,1899,Argentina & Brazil,
Aves,Caracara lutosa,Guadalupe caracara,https://en.wikipedia.org/wiki/Guadalupe_caracara,1900,"Guadalupe, Mexico",https://upload.wikimedia.org/wikipedia/commons/thumb/8/87/Caracara_plancus_%282%29.jpg/75px-Caracara_plancus_%282%29.jpg
Actinopterygii,Oncorhynchus clarki macdonald,Yellowfin cutthroat trout,https://en.wikipedia.org/wiki/Yellowfin_cutthroat_trout,1900,"Twin Lakes, Colorado",
Mammalia,Megalomys desmarestii,Antillean giant rice rat,https://en.wikipedia.org/wiki/Antillean_giant_rice_rat,1902,France (Martinique),https://upload.wikimedia.org/wikipedia/commons/thumb/7/7e/Mus_Nat_Hist_Nat_25022013_Megalomys_desmarestii.jpg/100px-Mus_Nat_Hist_Nat_25022013_Megalomys_desmarestii.jpg
Mammalia,Vulpes macrotis macrotis,Southern California kit fox,https://en.wikipedia.org/wiki/Kit_fox,1903,"Southern California, USA",
Mammalia,Sorex ornatus juncensis,Tule shrew,https://en.wikipedia.org/wiki/Tule_shrew,1905,"Baja California, Mexico",
Mammalia,Cervus canadensis merriami,Merriam's elk,https://en.wikipedia.org/wiki/Merriam%27s_elk,1906,Southwestern USA,
Aves,Heliangelus zusii,Bogota sunangel,https://en.wikipedia.org/wiki/Bogota_sunangel,1907,Colombia,
Aves,Quiscalus palustris,Slender-billed grackle,https://en.wikipedia.org/wiki/Slender-billed_grackle,1910,Central Mexico,https://upload.wikimedia.org/wikipedia/commons/thumb/6/6e/QuiscalusTenuirostris.jpg/100px-QuiscalusTenuirostris.jpg
Mammalia,Canis lupus beothucu,Newfoundland wolf,https://en.wikipedia.org/wiki/Newfoundland_wolf,1911,Newfoundland,https://upload.wikimedia.org/wikipedia/commons/thumb/e/e0/NewfoundlandWolf.jpg/100px-NewfoundlandWolf.jpg
Aves,Oceanodroma macrodactyla,Guadalupe storm petrel,https://en.wikipedia.org/wiki/Guadalupe_storm_petrel,1912,"Guadalupe, Mexico",https://upload.wikimedia.org/wikipedia/commons/thumb/2/2c/Oceanodroma.macrodactyla.jpg/100px-Oceanodroma.macrodactyla.jpg
Aves,Ectopistes migratorius,Passenger pigeon,https://en.wikipedia.org/wiki/Passenger_pigeon,1914,Eastern USA and Canada,https://upload.wikimedia.org/wikipedia/commons/thumb/9/97/Ectopistes_migratoriusAAP042CA.jpg/100px-Ectopistes_migratoriusAAP042CA.jpg
Reptilia,Leiocephalus eremitus,Navassa curly-tailed lizard,https://en.wikipedia.org/wiki/Navassa_curly-tailed_lizard,1917,"Navassa Island, USA",
Aves,Conuropsis carolinensis,Carolina parakeet,https://en.wikipedia.org/wiki/Carolina_parakeet,1918,Eastern USA and Canada,https://upload.wikimedia.org/wikipedia/commons/thumb/d/d8/Karolinasittich_01.jpg/100px-Karolinasittich_01.jpg
Mammalia,Canis lupus bernardi,Banks Island wolf,https://en.wikipedia.org/wiki/Banks_Island_wolf,1920,Canada,
Actinopterygii,Oncorhynchus clarki alvordensis,Alvord cutthroat trout,https://en.wikipedia.org/wiki/Alvord_cutthroat_trout,1920,"Alvord Dry Lake, Oregon",
Mammalia,Ursus arctos californicus,California golden bear,https://en.wikipedia.org/wiki/Ursus_arctos_californicus,1922,California,https://upload.wikimedia.org/wikipedia/commons/thumb/d/de/Monarch_the_bear.jpg/100px-Monarch_the_bear.jpg
Mammalia,Neotoma anthonyi,Anthony's woodrat,https://en.wikipedia.org/wiki/Anthony%27s_woodrat,1926,Mexico (Todos Los Santos Islands),
Reptilia,Ameiva cineracea,Guadeloupe ameiva,https://en.wikipedia.org/wiki/Ameiva_cineracea,1928,France (Guadeloupe),
Actinopterygii,Cottus echinatus,Utah Lake sculpin,https://en.wikipedia.org/wiki/Utah_Lake_sculpin,1928,"Utah Lake, Utah",
Mammalia,Nesoryzomys darwini,Darwin's rice rat,https://en.wikipedia.org/wiki/Darwin%27s_rice_rat,1929,Ecuador (Galapagos Islands),
Actinopterygii,Salvelinus agassizi,Silver trout,https://en.wikipedia.org/wiki/Silver_trout,1930,"Dublin Pond, New Hampshire",https://upload.wikimedia.org/wikipedia/commons/thumb/c/c0/Salvelinus_agassizi.jpg/100px-Salvelinus_agassizi.jpg
Mammalia,Neotoma bunkeri,Bunker's woodrat,https://en.wikipedia.org/wiki/Bunker%27s_woodrat,1932,Mexico (Coronados Islands),
Aves,Tympanuchus cupido cupido,Heath hen,https://en.wikipedia.org/wiki/Heath_hen,1932,New England,https://upload.wikimedia.org/wikipedia/commons/thumb/6/6a/Tympanuchus_cupido_cupidoAEP11LA.png/100px-Tympanuchus_cupido_cupidoAEP11LA.png
Amphibia,Atelopus vogli,Atelopus vogli,https://en.wikipedia.org/wiki/Atelopus_vogli,1933,Venezuela,
Gastropoda,Littoridina gaudichaudii,Littoridina gaudichaudii,https://en.wikipedia.org/wiki/Littoridina_gaudichaudii,1933,Ecuador,https://upload.wikimedia.org/wikipedia/en/thumb/e/e1/Littoridina_gaudichaudii_2.png/100px-Littoridina_gaudichaudii_2.png
Mammalia,Canis lupus youngi,Southern Rocky Mountains wolf,https://en.wikipedia.org/wiki/Southern_Rocky_Mountains_wolf,1935,"Southern Rocky Mountains, USA",
Mammalia,Mesocapromys nanus,Dwarf hutia,https://en.wikipedia.org/wiki/Dwarf_hutia,1937,Cuba,
Actinopterygii,Lepidomeda altivelis,Pahranagat spinedace,https://en.wikipedia.org/wiki/Pahranagat_spinedace,1938,"Pahranagat Valley, Nevada",
Actinopterygii,Rhinichthys osculus reliquus,Grass Valley speckled dace,https://en.wikipedia.org/wiki/Grass_Valley_speckled_dace,1938,"Lander County, Nevada",
Mammalia,Canis lupus fuscus,Cascade mountain wolf,https://en.wikipedia.org/wiki/Cascade_mountain_wolf,1940,Canada and USA,
Aves,Turdus ravidus,Grand Cayman thrush,https://en.wikipedia.org/wiki/Grand_Cayman_thrush,1940,Grand Cayman,
Mammalia,Melanomys zunigae,Zuniga's dark rice rat,https://en.wikipedia.org/wiki/Zuniga%27s_dark_rice_rat,1942,Peru,
Actinopterygii,Empetrichthys merriami,Ash Meadows killifish,https://en.wikipedia.org/wiki/Ash_Meadows_killifish,1948,"Ash Meadows, Nevada",https://upload.wikimedia.org/wikipedia/commons/thumb/c/c1/Empetrichthys.merriami.dsj.jpg/100px-Empetrichthys.merriami.dsj.jpg
Mammalia,Peromyscus mekisturus,Puebla deer mouse,https://en.wikipedia.org/wiki/Puebla_deer_mouse,1948,"Puebla, Mexico",
Actinopterygii,Gila crassicauda,Thicktail chub,https://en.wikipedia.org/wiki/Thicktail_chub,1950,Central Valley of California,https://upload.wikimedia.org/wikipedia/commons/thumb/6/67/Thicktail_Chub.jpg/100px-Thicktail_Chub.jpg
Mammalia,Neotoma martinensis,San Martín Island woodrat,https://en.wikipedia.org/wiki/San_Mart%C3%ADn_Island_woodrat,1950,"San Martín Island, Mexico",
Actinopterygii,Coregonus johannae,Deepwater cisco,https://en.wikipedia.org/wiki/Deepwater_cisco,1952,"Great Lakes, Canada and USA",
Mammalia,Monachus tropicalis,Caribbean monk seal,https://en.wikipedia.org/wiki/Caribbean_monk_seal,1952,Caribbean Sea,https://upload.wikimedia.org/wikipedia/commons/thumb/2/21/Cms-newyorkzoologicalsociety1910.jpg/100px-Cms-newyorkzoologicalsociety1910.jpg
Mammalia,Monachus tropicalis,Caribbean monk seal,https://en.wikipedia.org/wiki/Caribbean_monk_seal,1952,Caribbean Sea,https://upload.wikimedia.org/wikipedia/commons/thumb/2/21/Cms-newyorkzoologicalsociety1910.jpg/100px-Cms-newyorkzoologicalsociety1910.jpg
Aves,Anas georgica niceforoi,Niceforo's pintail,https://en.wikipedia.org/wiki/Niceforo%27s_pintail,1952,Colombia,
Mammalia,Geocapromys thoracatus,Little Swan Island hutia,https://en.wikipedia.org/wiki/Little_Swan_Island_hutia,1955,"Swan Islands, Honduras",https://upload.wikimedia.org/wikipedia/commons/thumb/8/8c/Geocapromys_thoracatus_%28Harvard_University%29.JPG/100px-Geocapromys_thoracatus_%28Harvard_University%29.JPG
Mammalia,Geomys pinetis goffi,Goff's pocket gopher,https://en.wikipedia.org/wiki/Goff%27s_pocket_gopher,1955,Florida,
Aves,Campephilus imperialis,Imperial woodpecker,https://en.wikipedia.org/wiki/Imperial_woodpecker,1956,Mexico,https://upload.wikimedia.org/wikipedia/commons/thumb/9/95/Kaiserspecht_fg02.jpg/100px-Kaiserspecht_fg02.jpg
Aves,Grallaria chthonia,Táchira antpitta,https://en.wikipedia.org/wiki/T%C3%A1chira_antpitta,1956,Venezuela,
Actinopterygii,Noturus trautmani,Scioto madtom,https://en.wikipedia.org/wiki/Noturus_trautmani,1957,"Big Darby Creek, Ohio",
Aves,Geospiza magnirostris magnirostris,Darwin's ground finch,https://en.wikipedia.org/wiki/Darwin%27s_ground_finch,1957,Ecuador (Galapagos Islands),
Mammalia,Peromyscus polionotus decoloratus,Pallid beach mouse,https://en.wikipedia.org/wiki/Pallid_beach_mouse,1959,Florida,
Mammalia,Juscelinomys candango,Candango mouse,https://en.wikipedia.org/wiki/Candango_mouse,1960,Brazil,
Aves,Leucopeza semperi,Semper's warbler,https://en.wikipedia.org/wiki/Semper%27s_warbler,1961,St. Lucia,https://upload.wikimedia.org/wikipedia/commons/thumb/f/ff/LeucopezaSemperiSmit.jpg/100px-LeucopezaSemperiSmit.jpg
Mammalia,Cryptonanus ignitus,Red-bellied gracile opossum,https://en.wikipedia.org/wiki/Red-bellied_gracile_opossum,1962,Argentina,
Amphibia,Plethodon ainsworthi,Ainsworth's salamander,https://en.wikipedia.org/wiki/Ainsworth%27s_salamander,1964,USA,
Mammalia,Procyon lotor gloveralleni,Barbados raccoon,https://en.wikipedia.org/wiki/Barbados_raccoon,1964,Barbados,
Mammalia,Ursus arctos nelsoni,Mexican grizzly bear,https://en.wikipedia.org/wiki/Mexican_grizzly_bear,1964,Mexico and Southwestern USA,https://upload.wikimedia.org/wikipedia/commons/thumb/0/0d/Mexico_grizzlies.png/140px-Mexico_grizzlies.png
Actinopterygii,Coregonus nigripinnis,Blackfin cisco,https://en.wikipedia.org/wiki/Blackfin_cisco,1969,"Great Lakes, Canada and USA",
Actinopterygii,Gila bicolor isolata,Independence Valley tui chub,https://en.wikipedia.org/wiki/Independence_Valley_tui_chub,1970,"Independence Valley, Nevada",
Actinopterygii,Pogonichthys ciscoides,Clear Lake splittail,https://en.wikipedia.org/wiki/Clear_Lake_splittail,1970,"Clear Lake, California",
Mammalia,Sylvilagus floridanus hitchensi,Smith Island cottontail,https://en.wikipedia.org/wiki/Smith_Island_cottontail,1970,"Smith Island, Virginia",
Mammalia,Thomomys mazama tacomensis,Tacoma pocket gopher,https://en.wikipedia.org/wiki/Tacoma_pocket_gopher,1970,Washington,
Amphibia,Thorius infernalis,Atoyac minute salamander,https://en.wikipedia.org/wiki/Thorius_infernalis,1970,"Guerrero, Mexico",
Amphibia,Thorius narismagnus,San Martin pygmy salamander,https://en.wikipedia.org/wiki/Thorius_narismagnus,1970,"Veracruz, Mexico",
Aves,Podiceps andinus,Colombian grebe,https://en.wikipedia.org/wiki/Colombian_grebe,1970,Colombia,
Aves,Heliangelus zusii,Antioquia brush finch,https://en.wikipedia.org/wiki/Antioquia_brush_finch,1971,Colombia,
Amphibia,Eleutherodactylus karlschmidti,Web-footed coquí,https://en.wikipedia.org/wiki/Web-footed_coqu%C3%AD,1974,Puerto Rico,
Actinopterygii,Coregonus alpenae,Longjaw cisco,https://en.wikipedia.org/wiki/Longjaw_cisco,1975,"Great Lakes, Canada and USA",
Actinopterygii,Notropis orca,Phantom shiner,https://en.wikipedia.org/wiki/Phantom_shiner,1975,"Rio Grande Basin, Mexico and USA",
Mammalia,Mesocapromys sanfelipensis,San Felipe hutia,https://en.wikipedia.org/wiki/San_Felipe_hutia,1978,"San Felipe, Cuba",
Reptilia,Xiphosurus roosevelti,Culebra Island giant anole,https://en.wikipedia.org/wiki/Culebra_Island_giant_anole,1978,"Culebera Island, Puerto Rico",
Actinopterygii,Cyprinodon nevadensis calidae,Tecopa pupfish,https://en.wikipedia.org/wiki/Tecopa_pupfish,1979,"Majavo Desert Springs, California",https://upload.wikimedia.org/wikipedia/commons/thumb/f/fe/Tecopapupfish.png/100px-Tecopapupfish.png
Amphibia,Rhinoderma rufum,Chile Darwin's frog,https://en.wikipedia.org/wiki/Chile_Darwin%27s_frog,1980,Chile,
Amphibia,Eleutherodactylus jasperi,Golden coqui,https://en.wikipedia.org/wiki/Golden_coqui,1981,Puerto Rico,https://upload.wikimedia.org/wikipedia/commons/thumb/1/13/Eleutherodactylus_jasperi.jpg/100px-Eleutherodactylus_jasperi.jpg
Aves,Numenius borealis,Eskimo curlew,https://en.wikipedia.org/wiki/Eskimo_curlew,1981,Alaska to Argentina,https://upload.wikimedia.org/wikipedia/commons/thumb/8/80/Numenius_borealis_%28Harvard_University%29.JPG/100px-Numenius_borealis_%28Harvard_University%29.JPG
Actinopterygii,Gambusia georgei,San Marcos gambusia,https://en.wikipedia.org/wiki/San_Marcos_gambusia,1983,"San Marcos Spring, Texas",
Actinopterygii,Sander vitreus glaucus,Blue walleye,https://en.wikipedia.org/wiki/Blue_pike,1983,"Great Lakes, Canada and USA",https://upload.wikimedia.org/wikipedia/commons/thumb/b/bb/Blue_walleye.jpg/100px-Blue_walleye.jpg
Actinopterygii,Coregonus reighardi,Shortnose cisco,https://en.wikipedia.org/wiki/Shortnose_cisco,1985,"Great Lakes, Canada and USA",https://upload.wikimedia.org/wikipedia/commons/thumb/e/e8/Coregonus_reighardi.png/100px-Coregonus_reighardi.png
Amphibia,Craugastor escoces,,https://en.wikipedia.org/wiki/Craugastor_escoces,1986,Costa Rica,
Mammalia,Dipodomys gravipes,San Quintin kangaroo rat,https://en.wikipedia.org/wiki/San_Quintin_kangaroo_rat,1986,"Baja California, Mexico",
Actinopterygii,Rhinichthys deaconi,Las Vegas dace,https://en.wikipedia.org/wiki/Las_Vegas_dace,1986,"Las Vegas Valley, USA",
Aves,Ammodramus maritimus nigrescens,Dusky seaside sparrow,https://en.wikipedia.org/wiki/Dusky_seaside_sparrow,1987,Florida,https://upload.wikimedia.org/wikipedia/commons/thumb/d/de/Dusky_Seaside_Sparrow.jpg/75px-Dusky_Seaside_Sparrow.jpg
Aves,Campephilus principalis,Ivory-billed woodpecker,https://en.wikipedia.org/wiki/Ivory-billed_woodpecker,1987,Southeastern USA and Cuba,https://upload.wikimedia.org/wikipedia/commons/thumb/1/18/Ivory-billed_Woodpecker_by_Jerry_A._Payne.jpg/100px-Ivory-billed_Woodpecker_by_Jerry_A._Payne.jpg
Aves,Campephilus principalis bairdii,Cuban ivory-billed woodpecker,https://en.wikipedia.org/wiki/Cuban_ivory-billed_woodpecker,1987,Cuba,https://upload.wikimedia.org/wikipedia/commons/thumb/8/80/Campephilus_principalis_bairdii.jpg/75px-Campephilus_principalis_bairdii.jpg
Actinopterygii,Etheostoma sellare,Maryland darter,https://en.wikipedia.org/wiki/Maryland_darter,1988,"Deer Creek, Maryland",https://upload.wikimedia.org/wikipedia/commons/thumb/d/d6/Maryland_Darter_-_Dave_Neely_%28illustration%29.jpg/100px-Maryland_Darter_-_Dave_Neely_%28illustration%29.jpg
Aves,Vermivora bachmanii,Bachman's warbler,https://en.wikipedia.org/wiki/Bachman%27s_warbler,1988,Southeastern USA,https://upload.wikimedia.org/wikipedia/commons/thumb/2/2b/Bachman%27s_Warbler.jpg/100px-Bachman%27s_Warbler.jpg
Amphibia,Bufo periglenes,Golden toad,https://en.wikipedia.org/wiki/Golden_toad,1989,Costa Rica,https://upload.wikimedia.org/wikipedia/commons/thumb/5/5b/Bufo_periglenes2.jpg/100px-Bufo_periglenes2.jpg
Mammalia,Mysateles garridoi,Garrido's hutia,https://en.wikipedia.org/wiki/Garrido%27s_hutia,1989,"Banco de los Jardins y Jardinillos, Cuba",
Aves,Podilymbus gigas,Atitlán grebe,https://en.wikipedia.org/wiki/Atitl%C3%A1n_grebe,1989,Guatemala,
Amphibia,Atelopus longirostris,Atelopus longirostris,https://en.wikipedia.org/wiki/Atelopus_longirostris,1989,Ecuador,
Mammalia,Octodon pacificus,Pacific degu,https://en.wikipedia.org/wiki/Pacific_degu,1994,"Mocha Island, Chile",
Mammalia,Mammuthus primigenius,Woolly mammoth,https://en.wikipedia.org/wiki/Woolly_mammoth,2000,Northern USA,https://upload.wikimedia.org/wikipedia/commons/thumb/6/65/Woolly_mammoth.jpg/100px-Woolly_mammoth.jpg
Actinopterygii,Chirostoma bartoni,Alberca silverside,https://en.wikipedia.org/wiki/Chirostoma_bartoni,2006,"Lerma River Basin, Mexico",
Aves,Teratornis merriami,Teratorns,https://en.wikipedia.org/wiki/Teratorn,-8000,North America,https://upload.wikimedia.org/wikipedia/commons/thumb/1/18/Teratornis_BW.jpg/100px-Teratornis_BW.jpg
Mammalia,Smilodon populator,Amazonian smilodon,https://en.wikipedia.org/wiki/Smilodon,-10000,Northern South America,https://upload.wikimedia.org/wikipedia/commons/thumb/d/de/Smilodon_skeleton.jpg/100px-Smilodon_skeleton.jpg
Mammalia,Hippidion,Hippidion,https://en.wikipedia.org/wiki/Hippidion,-10000,South America,https://upload.wikimedia.org/wikipedia/commons/thumb/3/3b/Hippidion.jpg/100px-Hippidion.jpg
Mammalia,Macrauchenia,Macrauchenia,https://en.wikipedia.org/wiki/Macrauchenia,-10000,South America,https://upload.wikimedia.org/wikipedia/commons/thumb/8/81/%D0%92%D0%B8%D0%BA%D0%B8.jpg/100px-%D0%92%D0%B8%D0%BA%D0%B8.jpg
Mammalia,Neochoerus,Neochoerus,https://en.wikipedia.org/wiki/Neochoerus,-10000,South America,
Mammalia,Stegomastodon,Stegomastodon,https://en.wikipedia.org/wiki/Stegomastodon,-10000,South America,https://upload.wikimedia.org/wikipedia/commons/thumb/7/76/Stegomastodon_mirificus_-_Smithsonian.JPG/100px-Stegomastodon_mirificus_-_Smithsonian.JPG
Mammalia,Palaeolama mirifica,Stout-legged llama,https://en.wikipedia.org/wiki/Paleolama,-10000,South America,
Mammalia,Xenorhinotherium,Xenorhinotherium,https://en.wikipedia.org/wiki/Xenorhinotherium,-10000,Brazil and Venezuela,
Mammalia,Antifer,Antifer,https://en.wikipedia.org/wiki/Antifer,-11000,"Argentina, Brazil and Chile",
Mammalia,Arctotherium,Arctotherium,https://en.wikipedia.org/wiki/Arctotherium,-11000,South America,https://upload.wikimedia.org/wikipedia/commons/thumb/5/53/Arctotherium.jpg/100px-Arctotherium.jpg
Mammalia,Canis dirus,Dire wolf,https://en.wikipedia.org/wiki/Dire_wolf,-11000,South America,https://upload.wikimedia.org/wikipedia/commons/thumb/9/93/Canis_dirus_Skeleton.jpg/100px-Canis_dirus_Skeleton.jpg
Mammalia,Glyptodontidaes,Glyptodontidaes,https://en.wikipedia.org/wiki/Glyptodontidae,-11000,South America,https://upload.wikimedia.org/wikipedia/commons/thumb/0/09/Glyptodon_%28Riha2000%29.jpg/100px-Glyptodon_%28Riha2000%29.jpg
Mammalia,Theriodictis,Theriodictis,https://en.wikipedia.org/wiki/Theriodictis,-11000,"Bolivia, Brazil and Paraguay",
Mammalia,Noronhomys vespuccii,Vespucci's rodent,https://en.wikipedia.org/wiki/Noronhomys_vespuccii,1500,Brazil,
Mammalia,Toxodon,Toxodon,https://en.wikipedia.org/wiki/Toxodon,-16500,South America,https://upload.wikimedia.org/wikipedia/commons/thumb/7/71/Toxodon_platensis.jpg/100px-Toxodon_platensis.jpg
Amphibia,Phrynomedusa fimbriata,Spiny-knee leaf frog,https://en.wikipedia.org/wiki/Phrynomedusa_fimbriata,1920,Brazil,
Mammalia,Nesoryzomys indefessus,Indefatigable Galapagos mouse,https://en.wikipedia.org/wiki/Indefatigable_Galapagos_mouse,1930,Ecuador (Galapagos Islands),
Actinopterygii,Orestias cuvieri,Titicaca Orestias,https://en.wikipedia.org/wiki/Titicaca_Orestias,1930,"Lake Titicaca, Bolivia and Peru",https://upload.wikimedia.org/wikipedia/commons/thumb/1/1b/LakeTiticacaOrestia-1835.gif/100px-LakeTiticacaOrestia-1835.gif
Aves,Numenius borealis,Eskimo curlew,https://en.wikipedia.org/wiki/Eskimo_curlew,1962,Brazil and Argentina,https://upload.wikimedia.org/wikipedia/en/thumb/b/b0/Live_Eskimo_Curlew.jpg/100px-Live_Eskimo_Curlew.jpg
Aves,Anodorhynchus glaucus,Glaucous macaw,https://en.wikipedia.org/wiki/Glaucous_macaw,1960,"Argentina, Brazil, Paraguay and Uruguay",https://upload.wikimedia.org/wikipedia/commons/thumb/4/43/Anodorhynchus_glaucus.jpg/75px-Anodorhynchus_glaucus.jpg
Mammalia,Cuvieronius,Cuvieronius,https://en.wikipedia.org/wiki/Cuvieronius,-4000,South America,https://upload.wikimedia.org/wikipedia/commons/thumb/4/42/Cuvieronius.jpg/100px-Cuvieronius.jpg
Mammalia,Catonyx,Ground sloths,https://en.wikipedia.org/wiki/Ground_sloth,-6000,South America,https://upload.wikimedia.org/wikipedia/commons/thumb/7/76/Eremotherium.jpg/100px-Eremotherium.jpg
Mammalia,Canis nehringi,Canis nehringi,https://en.wikipedia.org/wiki/Canis_nehringi,-8000,South America,
Mammalia,Lagostomus crassus,Peruvian viscacha,https://en.wikipedia.org/wiki/Lagostomus_crassus,1910,Peru,
Reptilia,Chelonoidis nigra abingdonii,Pinta Island tortoise,https://en.wikipedia.org/wiki/Pinta_Island_tortoise,2012,Ecuador (Galapagos Islands),https://upload.wikimedia.org/wikipedia/commons/thumb/a/a5/Lonesome_George_in_profile.png/100px-Lonesome_George_in_profile.png
Mammalia,Megaoryzomys curioi,Galápagos giant rat,https://en.wikipedia.org/wiki/Gal%C3%A1pagos_giant_rat,0,Ecuador (Galapagos Islands),
Mammalia,Desmodus draculae,Giant vampire bat,https://en.wikipedia.org/wiki/Desmodus_draculae,0,"Bolivia, Brazil & Venezuela",
Amphibia,Atelopus ignescens,Atelopus ignescens,https://en.wikipedia.org/wiki/Atelopus_ignescens,0,Ecuador,https://upload.wikimedia.org/wikipedia/commons/thumb/6/6c/Atelopus_ignescens.jpg/100px-Atelopus_ignescens.jpg
Actinopterygii,Rhizosomichthys totae,Greasefish,https://en.wikipedia.org/wiki/Rhizosomichthys_totae,0,Colombia,
Gastropoda,Biotocus turbinatus,Biotocus turbinatus,https://en.wikipedia.org/wiki/Biotocus_turbinatus,0,Brazil,https://upload.wikimedia.org/wikipedia/commons/thumb/9/93/Tomigerus_turbinatus_shell.jpg/100px-Tomigerus_turbinatus_shell.jpg
Gastropoda,Digerus gibberulus,Digerus gibberulus,https://en.wikipedia.org/wiki/Digerus_gibberulus,0,Brazil,
Gastropoda,Megalobulimus cardosoi,Megalobulimus cardosoi,https://en.wikipedia.org/wiki/Megalobulimus_cardosoi,0,Brazil,
